,Low,High,Average
0,3675.120117,3708.419922,3691.7700194999998
1,3716.439941,3729.379883,3722.909912
2,3704.219971,3726.590088,3715.4050294999997
3,3713.080078,3731.840088,3722.460083
4,3701.879883,3724.72998,3713.3049315
5,3712.469971,3756.23999,3734.3549805000002
6,3724.26001,3747.080078,3735.670044
7,3737.689941,3790.699951,3764.194946
8,3781.590088,3798.159912,3789.875
9,3774.110107,3798.76001,3786.4350585
10,3745.540039,3787.139893,3766.339966
11,3753.040039,3789.850098,3771.4450685
12,3754.939941,3782.919922,3768.9299315
13,3772.800049,3795.719971,3784.26001
14,3762.669922,3788.350098,3775.51001
15,3734.73999,3780.969971,3757.8549805000002
16,3774.179932,3817.97998,3796.079956
17,3788.449951,3819.280029,3803.86499
18,3753.169922,3816.959961,3785.0649415
19,3773.399902,3812.860107,3793.1300045
20,3769.75,3800.080078,3784.915039
21,3694.149902,3772.48999,3733.319946
22,3650.030029,3702.149902,3676.0899655000003
23,3721.110107,3764.719971,3742.915039
24,3751.379883,3794.370117,3772.875
25,3766.280029,3816.409912,3791.3449705000003
26,3789.679932,3824.439941,3807.0599365
27,3814.149902,3840.47998,3827.314941
28,3821.429932,3863.48999,3842.459961
29,3882.060059,3914.929932,3898.4949955
30,3909.909912,3931.449951,3920.6799315
31,3904.060059,3947.669922,3925.8649905
32,3887.669922,3911.639893,3899.6549075000003
33,3907.540039,3932.600098,3920.0700685
34,3927.5,3961.100098,3944.300049
35,3927.090088,3947.580078,3937.335083
36,3934.939941,3957.120117,3946.030029
37,3919.139893,3966.709961,3942.924927
38,3909.26001,3945.040039,3927.1500244999997
39,3904.199951,3938.47998,3921.3399655000003
40,3919.459961,3937.5,3928.4799805000002
41,3909.629883,3947.27002,3928.4499514999998
42,3920.909912,3955.969971,3938.4399415
43,3855.070068,3938.330078,3896.700073
44,3869.120117,3919.22998,3894.1750485000002
45,3904.719971,3925.340088,3915.0300294999997
46,3902.669922,3922.27002,3912.469971
47,3899.310059,3965.580078,3932.4450685
48,3949.01001,3975.889893,3962.4499514999998
49,3969.219971,3985.969971,3977.594971
50,3942.850098,3994.969971,3968.9100344999997
51,3923.469971,3960.439941,3941.954956
52,3911.610107,3952.080078,3931.8450924999997
53,3936.820068,3970.909912,3953.86499
54,3973.0,3991.659912,3982.329956
55,3987.159912,4007.090088,3997.125
56,3989.48999,4026.98999,4008.23999
57,4023.649902,4045.810059,4034.7299805000002
58,4055.449951,4069.699951,4062.574951
59,4040.879883,4068.48999,4054.6849365
60,4022.120117,4050.080078,4036.1000974999997
61,4004.76001,4051.73999,4028.25
62,4025.26001,4043.709961,4034.4849855
63,4042.350098,4069.860107,4056.1051024999997
64,4063.5,4081.780029,4072.6400145
65,4056.48999,4074.01001,4065.25
66,3998.919922,4065.080078,4032.0
67,3993.570068,4013.540039,4003.5550535
68,3992.290039,4017.449951,4004.869995
69,4019.139893,4043.0,4031.0699465
70,4011.580078,4034.689941,4023.1350095
71,3979.590088,4070.379883,4024.9849855
72,4045.409912,4063.699951,4054.5549315
73,4064.72998,4111.930176,4088.330078
74,4127.720215,4149.310059,4138.515137
75,4147.149902,4155.620117,4151.3850095
76,4158.589844,4169.970215,4164.2800295
77,4153.640137,4175.359863,4164.5
78,4142.180176,4158.72998,4150.455078
79,4160.77002,4177.72998,4169.25
80,4131.790039,4160.959961,4146.375
81,4124.959961,4152.959961,4138.959961
82,4103.75,4139.779785,4121.764892499999
83,4126.47998,4158.180176,4142.330078
84,4145.0,4171.75,4158.375
85,4142.700195,4182.740234,4162.7202145
86,4142.209961,4174.680176,4158.445068499999
87,4097.990234,4179.470215,4138.7302245
88,4125.810059,4183.839844,4154.824951500001
89,4195.97998,4218.790039,4207.3850095
90,4204.160156,4219.279785,4211.7199705
91,4187.310059,4217.240234,4202.2751465
92,4193.169922,4227.930176,4210.5500489999995
93,4225.52002,4246.549805,4236.034912499999
94,4192.279785,4224.439941,4208.359863
95,4128.169922,4197.930176,4163.0500489999995
96,4052.629883,4136.459961,4094.544922
97,4067.689941,4099.810059,4083.75
98,4044.76001,4091.27002,4068.015015
99,4094.169922,4135.839844,4115.004883
100,4067.610107,4124.919922,4096.2650145
101,3989.949951,4113.549805,4051.7498779999996
102,4004.580078,4044.199951,4024.3900145
103,3968.189941,4026.280029,3997.234985
104,4022.169922,4064.060059,4043.1149905
105,4069.929932,4126.509766,4098.219849
106,4122.609863,4148.299805,4135.454834
107,4153.100098,4198.509766,4175.804932
108,4190.390137,4212.609863,4201.5
109,4170.470215,4240.669922,4205.5700685
110,4225.75,4250.910156,4238.330078
111,4243.560059,4277.330078,4260.4450685
112,4232.379883,4274.290039,4253.3349610000005
113,4226.75,4272.339844,4249.544922
114,4261.629883,4284.850098,4273.2399905
115,4272.109863,4311.129883,4291.619873
116,4275.799805,4307.509766,4291.6547855
117,4278.540039,4316.819824,4297.679931500001
118,4284.779785,4322.459961,4303.619873
119,4275.609863,4342.589844,4309.0998535
120,4239.649902,4284.149902,4261.899902
121,4327.540039,4357.209961,4342.375
122,4344.149902,4362.5,4353.3249510000005
123,4341.0,4371.709961,4356.3549805
124,4319.149902,4371.390137,4345.2700195
125,4307.839844,4339.930176,4323.88501
126,4295.470215,4354.430176,4324.9501955
127,4270.220215,4323.330078,4296.7751465
128,4242.950195,4339.899902,4291.4250485
129,4241.939941,4272.339844,4257.139892499999
130,4273.009766,4301.279785,4287.1447755
131,4284.109863,4334.660156,4309.3850095
132,4283.540039,4334.299805,4308.919922
133,4287.410156,4329.609863,4308.5100095
134,4268.339844,4344.390137,4306.3649905
135,4190.609863,4289.490234,4240.050048499999
136,4203.640137,4274.319824,4238.9799805
137,4173.580078,4263.069824,4218.3249510000005
138,4131.810059,4186.129883,4158.969971
139,4144.689941,4203.490234,4174.0900875
140,4180.540039,4212.970215,4196.755127
141,4218.77002,4268.200195,4243.485107500001
142,4258.859863,4286.089844,4272.4748535
143,4216.569824,4284.689941,4250.629882499999
144,4118.709961,4267.060059,4192.88501
145,4052.139893,4133.680176,4092.9100344999997
146,4066.110107,4120.240234,4093.1751704999997
147,4121.169922,4185.189941,4153.1799315
148,4042.76001,4182.609863,4112.6849365
149,3991.639893,4067.219971,4029.429932
150,3986.5,4050.790039,4018.6450194999998
151,3946.030029,4054.800049,4000.415039
152,4038.810059,4086.280029,4062.545044
153,4064.699951,4110.459961,4087.5799559999996
154,4081.909912,4121.549805,4101.7298585
155,4131.609863,4170.720215,4151.1650389999995
156,4125.410156,4161.439941,4143.425048499999
157,4107.52002,4177.160156,4142.340088
158,4068.100098,4126.97998,4097.5400389999995
159,4014.169922,4111.589844,4062.879883
160,4070.25,4111.450195,4090.8500975
161,4070.629883,4116.140137,4093.38501
162,4105.609863,4149.560059,4127.5849610000005
163,4115.890137,4145.060059,4130.475098000001
164,4086.350098,4138.339844,4112.344971
165,4080.76001,4132.459961,4106.609985499999
166,4021.050049,4091.030029,4056.040039
167,4039.909912,4109.200195,4074.5550535
168,4025.23999,4071.870117,4048.5550535
169,4092.090088,4146.540039,4119.3150635
170,4128.009766,4155.129883,4141.5698245
171,4093.830078,4132.330078,4113.080078
172,4035.959961,4098.25,4067.1049805000002
173,4044.27002,4091.159912,4067.714966
174,4075.699951,4128.470215,4102.085083
175,4080.610107,4124.859863,4102.734985
176,4103.609863,4133.609863,4118.609863
177,4131.470215,4164.850098,4148.1601565
178,4148.299805,4186.580078,4167.4399415
179,4204.720215,4237.069824,4220.8950195
180,4216.890137,4238.169922,4227.5300295
181,4228.959961,4247.950195,4238.455078
182,4221.950195,4252.080078,4237.0151365
183,4207.609863,4247.959961,4227.784911999999
184,4215.799805,4240.350098,4228.0749515
185,4216.22998,4256.189941,4236.2099605
186,4241.680176,4299.5,4270.590088
187,4305.740234,4322.509766,4314.125
188,4320.279785,4346.740234,4333.5100095
189,4319.930176,4338.870117,4329.4001465
190,4315.490234,4338.209961,4326.8500975
191,4284.529785,4328.350098,4306.4399415
192,4288.410156,4317.669922,4303.0400389999995
193,4296.259766,4326.890137,4311.574951500001
194,4311.149902,4346.120117,4328.6350095
195,4320.540039,4365.100098,4342.8200685
196,4339.609863,4372.180176,4355.8950195
197,4354.029785,4368.799805,4361.414795
198,4358.680176,4371.810059,4365.245117500001
199,4342.899902,4399.870117,4371.3850095
200,4339.410156,4383.549805,4361.4799805
201,4347.450195,4379.799805,4363.625
202,4371.600098,4398.850098,4385.225098
203,4396.589844,4417.459961,4407.024902499999
204,4424.430176,4471.600098,4448.015137
205,4450.870117,4466.919922,4458.8950195
206,4463.850098,4485.930176,4474.890137
207,4447.600098,4478.02002,4462.8100589999995
208,4372.040039,4443.560059,4407.800049
209,4388.009766,4421.930176,4404.969971
210,4351.040039,4415.850098,4383.4450685
211,4389.290039,4417.160156,4403.225097500001
212,4432.950195,4451.600098,4442.2751465
213,4389.700195,4451.930176,4420.8151855
214,4419.709961,4448.870117,4434.2900389999995
215,4352.22998,4425.379883,4388.8049315
216,4378.220215,4434.439941,4406.330078
217,4404.509766,4432.419922,4418.464844
218,4443.350098,4464.129883,4453.7399905
219,4457.950195,4480.72998,4469.340087500001
220,4465.939941,4485.5,4475.7199705
221,4430.430176,4457.950195,4444.1901855
222,4413.919922,4455.390137,4434.6550295
223,4441.029785,4470.970215,4456.0
224,4444.509766,4476.060059,4460.2849125
225,4367.149902,4430.799805,4398.9748535
226,4324.02002,4385.049805,4354.534912499999
227,4343.029785,4395.379883,4369.204834
228,4333.580078,4383.02002,4358.3000489999995
229,4325.040039,4378.990234,4352.0151365
230,4321.890137,4379.700195,4350.795166
231,4327.870117,4373.120117,4350.495117
232,4384.149902,4415.779785,4399.9648435
233,4371.839844,4407.080078,4389.4599610000005
234,4403.640137,4434.310059,4418.975098000001
235,4433.939941,4453.0,4443.4699705
236,4427.129883,4482.470215,4454.8000489999995
237,4486.439941,4509.160156,4497.800048499999
238,4513.919922,4528.910156,4521.4150389999995
239,4515.72998,4533.009766,4524.369873
240,4513.810059,4534.0,4523.9050295
241,4521.77002,4547.240234,4534.505127
242,4547.779785,4571.140137,4559.4599610000005
243,4556.779785,4575.589844,4566.1848145
244,4561.839844,4575.810059,4568.824951500001
245,4546.620117,4565.959961,4556.2900389999995
246,4553.779785,4580.27002,4567.024902499999
247,4576.810059,4598.640137,4587.725098000001
248,4565.379883,4610.140137,4587.76001
249,4553.310059,4603.149902,4578.2299805
250,4542.740234,4583.0,4562.870117
251,4570.22998,4600.399902,4585.3149410000005
252,4544.439941,4599.029785,4571.734863
253,4544.839844,4587.100098,4565.969971
254,4559.75,4591.810059,4575.7800295
255,4555.680176,4590.080078,4572.880127
256,4506.72998,4567.470215,4537.100097500001
257,4499.870117,4558.240234,4529.0551755
258,4539.359863,4582.399902,4560.879882499999
259,4572.620117,4593.97998,4583.3000485
260,4563.439941,4610.569824,4587.004882499999
261,4513.120117,4568.870117,4540.995117
262,4508.419922,4536.029785,4522.2248535
263,4500.129883,4557.27002,4528.6999515
264,4466.640137,4546.930176,4506.7851565
265,4475.47998,4515.75,4495.61499
266,4464.439941,4515.240234,4489.8400875
267,4483.910156,4522.060059,4502.985107500001
268,4409.299805,4486.790039,4448.044922
269,4367.740234,4441.950195,4404.8452145
270,4445.720215,4488.069824,4466.8950195
271,4444.100098,4496.259766,4470.179932
272,4385.149902,4441.759766,4413.454834
273,4355.339844,4473.72998,4414.534912
274,4377.279785,4464.129883,4420.704834
275,4276.240234,4380.509766,4328.375
276,4212.870117,4303.819824,4258.3449705
277,4212.819824,4281.339844,4247.079834
278,4116.600098,4231.540039,4174.0700685
279,4131.649902,4246.009766,4188.829834
280,4241.669922,4296.109863,4268.889892499999
281,4248.220215,4316.870117,4282.545166
282,4356.100098,4419.47998,4387.7900389999995
283,4381.279785,4435.859863,4408.569824
284,4421.560059,4475.549805,4448.554932
285,4445.850098,4486.259766,4466.054932
286,4450.290039,4489.600098,4469.9450685
287,4505.109863,4564.290039,4534.6999510000005
288,4517.02002,4564.439941,4540.7299805
289,4521.790039,4575.5,4548.6450195
290,4616.580078,4641.509766,4629.044922
291,4627.419922,4654.189941,4640.8049315
292,4594.919922,4635.950195,4615.4350585
293,4607.72998,4650.390137,4629.0600585
294,4604.759766,4639.169922,4621.964844
295,4606.810059,4638.799805,4622.804932
296,4626.490234,4653.379883,4639.935058499999
297,4640.240234,4661.22998,4650.735107
298,4643.779785,4678.580078,4661.1799315
299,4664.27002,4703.100098,4683.6850589999995
300,4664.310059,4688.740234,4676.5251465
301,4655.200195,4689.529785,4672.36499
302,4674.299805,4709.830078,4692.0649415
303,4655.720215,4696.200195,4675.960205
304,4653.330078,4702.970215,4678.1501465
305,4700.72998,4751.600098,4726.1650389999995
306,4723.620117,4755.02002,4739.3200685
307,4749.919922,4774.52002,4762.219971
308,4757.47998,4788.0,4772.73999
309,4786.720215,4810.859863,4798.7900389999995
310,4724.620117,4782.069824,4753.3449705
311,4729.759766,4761.629883,4745.6948245
312,4745.140137,4781.370117,4763.255127
313,4753.709961,4785.410156,4769.560058499999
314,4769.640137,4788.97998,4779.3100585
315,4722.910156,4793.240234,4758.075194999999
316,4674.379883,4768.410156,4721.3950195
317,4679.25,4766.640137,4722.9450685
318,4699.430176,4759.879883,4729.6550295
319,4653.600098,4707.919922,4680.76001
320,4592.430176,4690.580078,4641.505127
321,4547.310059,4645.189941,4596.25
322,4550.700195,4651.899902,4601.3000485
323,4697.089844,4748.399902,4722.744873
324,4738.290039,4782.129883,4760.2099610000005
325,4757.799805,4781.930176,4769.8649905
326,4761.390137,4798.060059,4779.725098000001
327,4768.669922,4787.569824,4778.119873
328,4787.850098,4814.950195,4801.4001465
329,4798.899902,4813.720215,4806.3100585
330,4772.879883,4803.890137,4788.38501
331,4734.109863,4806.430176,4770.2700195
332,4698.109863,4777.009766,4737.5598145
333,4641.459961,4702.77002,4672.1149905
334,4567.589844,4667.330078,4617.4599610000005
335,4613.899902,4652.720215,4633.3100585
336,4688.02002,4741.379883,4714.6999515
337,4681.240234,4744.709961,4712.9750975
338,4650.649902,4715.810059,4683.2299805
339,4624.279785,4751.339844,4687.8098145
340,4595.97998,4655.370117,4625.6750485
341,4567.390137,4663.959961,4615.6750489999995
342,4563.109863,4635.819824,4599.4648435
343,4601.100098,4665.649902,4633.375
344,4629.589844,4692.459961,4661.024902499999
345,4644.569824,4752.600098,4698.5849610000005
346,4737.950195,4771.180176,4754.5651855
347,4734.200195,4774.180176,4754.1901855
348,4659.830078,4721.870117,4690.850097500001
349,4637.47998,4742.060059,4689.7700195
350,4601.759766,4688.410156,4645.0849610000005
351,4631.100098,4703.810059,4667.4550785
352,4580.459961,4676.689941,4628.574951
353,4670.819824,4727.740234,4699.280029
354,4697.790039,4744.330078,4721.0600585
355,4722.799805,4767.379883,4745.089844
356,4731.220215,4787.180176,4759.2001955
357,4719.609863,4749.470215,4734.5400389999995
358,4737.120117,4793.27002,4765.1950685
359,4780.129883,4810.359863,4795.244873
360,4823.569824,4857.609863,4840.5898435
361,4860.120117,4893.839844,4876.9799805
362,4880.640137,4901.890137,4891.265137
363,4885.600098,4907.5,4896.5500489999995
364,4900.629883,4929.529785,4915.079834
365,4905.589844,4957.02002,4931.304932
366,4939.560059,4960.970215,4950.265137
367,4945.140137,4971.180176,4958.1601565
368,4956.0,4984.240234,4970.120117
369,4955.509766,4989.109863,4972.3098145
370,4960.870117,4989.25,4975.0600585
371,4972.009766,5008.569824,4990.289795000001
372,4956.069824,4996.660156,4976.36499
373,4938.899902,4973.319824,4956.109863
374,4963.100098,4993.52002,4978.3100589999995
375,4918.629883,4982.930176,4950.7800295
376,4920.819824,4950.470215,4935.6450195
377,4859.790039,4903.439941,4881.61499
378,4846.790039,4876.089844,4861.439941500001
379,4853.200195,4895.799805,4874.5
380,4842.799805,4904.470215,4873.63501
381,4889.089844,4929.939941,4909.514892499999
382,4907.02002,4944.910156,4925.965088
383,4907.720215,5001.569824,4954.6450195
384,4979.939941,5000.02002,4989.9799805
385,5020.069824,5042.140137,5031.1049805
386,5010.970215,5031.390137,5021.180176
387,4994.560059,5032.47998,5013.5200195
388,4876.52002,5006.759766,4941.639893
389,4825.930176,4889.209961,4857.570068499999
390,4859.660156,4899.259766,4879.4599610000005
391,4921.120117,4948.459961,4934.7900389999995
392,4899.310059,4940.870117,4920.090088000001
393,4844.390137,4899.379883,4871.88501
394,4872.959961,4901.330078,4887.1450195
395,4852.910156,4929.620117,4891.2651365
396,4909.77002,4948.879883,4929.3249515
397,4914.149902,4956.720215,4935.4350585
398,4928.109863,4975.930176,4952.0200195
399,4970.02002,4996.080078,4983.0500489999995
400,4985.959961,5024.25,5005.1049805
401,4952.009766,4996.819824,4974.414795000001
402,4989.240234,5021.189941,5005.2150875
403,4996.0,5016.0,5006.0
404,4912.330078,4974.089844,4943.2099610000005
405,4952.680176,5000.200195,4976.4401855
406,5009.509766,5028.220215,5018.8649905
407,4992.620117,5040.649902,5016.6350095
408,5019.290039,5073.089844,5046.189941500001
409,5081.209961,5100.370117,5090.7900389999995
410,5053.540039,5119.830078,5086.6850585
411,5006.279785,5075.299805,5040.789795
412,4999.830078,5053.839844,5026.8349610000005
413,4921.549805,5015.959961,4968.754883
414,4962.740234,5005.390137,4984.0651855
415,5013.02002,5043.620117,5028.3200685
416,4934.339844,5008.27002,4971.304932
417,4888.169922,4965.100098,4926.63501
418,4914.529785,4957.120117,4935.8249510000005
419,4989.259766,5014.330078,5001.794922
420,4992.02002,5017.379883,5004.6999515
421,4931.600098,4995.5,4963.5500489999995
422,4977.490234,5012.970215,4995.2302245
423,4999.649902,5051.720215,5025.6850585
424,5034.839844,5062.649902,5048.744873
425,5037.540039,5084.5,5061.0200195
426,5062.799805,5087.350098,5075.0749515
427,5050.209961,5097.52002,5073.8649905
428,5062.509766,5098.22998,5080.369873
429,5085.189941,5103.839844,5094.514892499999
430,5016.740234,5081.169922,5048.955078
431,5039.370117,5111.540039,5075.455078000001
432,5080.25,5106.649902,5093.4499510000005
433,5057.589844,5099.399902,5078.494873
434,5045.669922,5099.009766,5072.339844
435,5047.350098,5100.02002,5073.6850589999995
436,5084.990234,5114.600098,5099.795166
437,5046.290039,5101.109863,5073.6999510000005
438,5025.52002,5074.97998,5050.25
439,5014.060059,5069.0,5041.5300295
440,4974.620117,5027.02002,5000.8200685
441,5024.169922,5086.660156,5055.4150389999995
442,5075.049805,5101.390137,5088.219971
443,5043.240234,5067.959961,5055.6000975
444,4985.939941,5035.370117,5010.655029
445,5022.560059,5063.060059,5042.810059
446,5042.25,5080.109863,5061.1799315
447,5082.029785,5143.319824,5112.6748045
448,5113.939941,5140.169922,5127.0549315
449,5142.779785,5162.129883,5152.454834
450,5139.330078,5163.410156,5151.370117
451,5121.640137,5164.359863,5143.0
452,5102.160156,5141.709961,5121.935058499999
453,5060.819824,5121.470215,5091.1450195
454,4956.22998,5051.009766,5003.619873
455,4968.259766,5008.759766,4988.509766
456,4994.459961,5038.549805,5016.504883
457,4990.740234,5027.470215,5009.1052245
458,4960.930176,5020.709961,4990.820068499999
459,4902.209961,5001.990234,4952.1000975
460,4901.509766,4965.450195,4933.4799805
461,4920.399902,4982.189941,4951.2949215
462,4966.509766,5008.049805,4987.2797855
463,5036.680176,5074.810059,5055.745117500001
464,5075.120117,5116.52002,5095.8200685
465,5088.120117,5125.319824,5106.7199705
466,5128.560059,5163.180176,5145.870117500001
467,5183.22998,5210.160156,5196.695068
468,5201.490234,5231.939941,5216.7150875
469,5196.299805,5229.0,5212.649902499999
470,5145.779785,5184.740234,5165.2600095
471,5137.640137,5197.0,5167.3200685
472,5084.509766,5167.540039,5126.0249025
473,5032.689941,5072.879883,5052.784911999999
474,5025.609863,5097.689941,5061.649901999999
475,5080.040039,5117.839844,5098.939941500001
476,5070.620117,5135.649902,5103.1350095
477,5122.370117,5155.02002,5138.6950685
478,5082.319824,5143.080078,5112.6999510000005
479,5092.459961,5125.899902,5109.1799315
480,5131.859863,5175.259766,5153.5598145
481,5035.410156,5149.930176,5092.670166
482,5006.149902,5055.560059,5030.8549805
483,5081.109863,5112.470215,5096.7900389999995
484,5013.450195,5089.330078,5051.3901365
485,4945.790039,5055.75,5000.7700195
486,5029.609863,5071.459961,5050.534911999999
487,5012.609863,5051.890137,5032.25
488,5022.419922,5092.689941,5057.5549315
489,5054.970215,5085.140137,5070.055176
490,4992.850098,5060.930176,5026.890137
491,4877.490234,4986.509766,4932.0
492,4706.040039,4856.75,4781.3950195
493,4292.140137,4694.899902,4493.5200195
494,4506.100098,4689.540039,4597.8200685
495,4530.029785,4703.970215,4617.0
496,4721.790039,4818.709961,4770.25
497,4788.379883,4836.779785,4812.579834
498,4763.419922,4824.609863,4794.014892499999
499,4614.910156,4722.129883,4668.5200195
500,4659.410156,4749.97998,4704.695068
501,4721.910156,4800.180176,4761.045166
502,4657.819824,4712.669922,4685.244873
503,4754.890137,4815.040039,4784.965088000001
504,4746.72998,4862.879883,4804.8049315
505,4746.52002,4826.330078,4786.4250489999995
506,4763.149902,4822.339844,4792.744873
507,4791.080078,4832.0,4811.5400389999995
508,4802.089844,4872.350098,4837.219971
509,4848.149902,4893.439941,4870.7949215
510,4880.5,4960.870117,4920.6850585
511,4819.089844,4878.709961,4848.899902499999
512,4795.910156,4881.459961,4838.685058499999
513,4716.910156,4776.279785,4746.5949705
514,4735.129883,4780.640137,4757.88501
515,4670.120117,4746.209961,4708.1650389999995
516,4659.47998,4785.220215,4722.350097500001
517,4529.410156,4665.209961,4597.310058499999
518,4487.060059,4596.060059,4541.560059
519,4559.180176,4620.160156,4589.670166
520,4559.209961,4628.22998,4593.7199705
521,4552.339844,4707.779785,4630.0598145
522,4740.240234,4785.910156,4763.075194999999
523,4711.790039,4783.370117,4747.580078000001
524,4728.709961,4791.149902,4759.9299315
525,4737.930176,4819.069824,4778.5
526,4804.589844,4841.379883,4822.9848635
527,4818.169922,4846.740234,4832.455078
528,4793.919922,4858.279785,4826.0998535
529,4771.620117,4820.089844,4795.8549805
530,4795.290039,4870.100098,4832.6950685
531,4851.279785,4886.950195,4869.11499
532,4865.830078,4915.490234,4890.660156
533,4866.600098,4909.370117,4887.985107500001
534,4836.459961,4904.850098,4870.6550295
535,4861.799805,4926.990234,4894.3950195
536,4999.540039,5048.549805,5024.044922
537,5012.740234,5045.160156,5028.950194999999
538,5009.069824,5040.080078,5024.5749510000005
539,5019.600098,5095.689941,5057.6450195
540,5066.890137,5084.629883,5075.76001
541,5053.75,5085.220215,5069.485107500001
542,5061.470215,5130.509766,5095.9899905
543,5109.680176,5163.470215,5136.5751955
544,5122.779785,5162.569824,5142.6748045
545,5098.490234,5154.859863,5126.675048499999
546,5092.870117,5147.120117,5119.995117
547,5066.100098,5133.439941,5099.7700195
548,5051.220215,5086.879883,5069.0500489999995
549,5066.680176,5111.189941,5088.935058499999
550,5004.459961,5062.490234,5033.4750975
551,4925.350098,4989.060059,4957.2050785
552,4908.660156,4984.910156,4946.785156
553,4975.740234,5023.450195,4999.5952145
554,5001.669922,5078.799805,5040.2348635
555,5067.27002,5092.459961,5079.8649905
556,5094.319824,5112.459961,5103.389892499999
557,5084.850098,5128.080078,5106.465088
558,5050.140137,5110.75,5080.4450685
559,5101.180176,5124.089844,5112.63501
560,5108.509766,5134.350098,5121.429932
561,5098.700195,5141.359863,5120.030029
562,5120.169922,5156.310059,5138.2399905
563,5117.149902,5176.77002,5146.9599610000005
564,5011.720215,5144.600098,5078.1601565
565,5043.490234,5147.0,5095.245117
566,5082.22998,5139.779785,5111.004882499999
567,5045.72998,5111.72998,5078.72998
568,5000.120117,5106.370117,5053.245117
569,5019.310059,5075.649902,5047.4799805
570,4928.669922,4996.189941,4962.4299315
571,4871.589844,4953.600098,4912.594971
572,4986.990234,5026.540039,5006.7651365
573,4992.629883,5078.990234,5035.810058499999
574,5002.549805,5088.580078,5045.5649415
575,4921.330078,4996.490234,4958.910156
576,4928.930176,4968.919922,4948.9250489999995
577,4964.080078,5007.77002,4985.9250489999995
578,5020.439941,5046.089844,5033.264892499999
579,5043.649902,5063.279785,5053.4648435
580,4999.069824,5041.27002,5020.169922
581,5065.890137,5116.990234,5091.4401855
582,5065.680176,5102.350098,5084.015137
583,5007.009766,5058.060059,5032.5349125
584,4846.97998,4903.089844,4875.034912
585,4872.740234,4926.72998,4899.735107
586,4804.689941,4866.040039,4835.36499
587,4688.169922,4788.02002,4738.094971
588,4637.850098,4742.569824,4690.2099610000005
589,4573.779785,4683.02002,4628.399902499999
590,4618.029785,4714.799805,4666.414795
591,4517.560059,4713.97998,4615.7700195
592,4470.589844,4650.549805,4560.5698245
593,4419.410156,4520.450195,4469.9301755
594,4430.77002,4550.569824,4490.669922
595,4313.390137,4514.919922,4414.1550295
596,4432.02002,4537.149902,4484.5849610000005
597,4540.27002,4591.180176,4565.725098
598,4514.779785,4590.439941,4552.609863
599,4503.529785,4583.209961,4543.369873
600,4450.830078,4568.850098,4509.840088
601,4447.5,4533.810059,4490.6550295
602,4511.299805,4613.950195,4562.625
603,4565.370117,4636.930176,4601.1501465
604,4503.120117,4589.899902,4546.5100095
605,4424.470215,4547.319824,4485.8950195
606,4463.990234,4545.52002,4504.755127
607,4350.370117,4493.189941,4421.780029
608,4212.810059,4301.529785,4257.169922
609,4222.47998,4329.609863,4276.0449215
610,4280.72998,4369.620117,4325.1750485
611,4209.759766,4293.220215,4251.4899905
612,4274.149902,4340.129883,4307.139892499999
613,4376.52002,4435.959961,4406.2399905
614,4463.509766,4540.779785,4502.1447755
615,4482.77002,4548.470215,4515.620117500001
616,4455.100098,4513.149902,4484.125
617,4546.549805,4576.470215,4561.51001
618,4500.939941,4558.060059,4529.5
619,4425.720215,4547.640137,4486.680176
620,4516.890137,4582.200195,4549.545166
621,4580.779785,4618.850098,4599.8149415
622,4557.459961,4619.899902,4588.6799315
623,4581.75,4689.600098,4635.6750489999995
624,4665.930176,4703.580078,4684.755127
625,4674.459961,4707.720215,4691.090088
626,4687.939941,4746.649902,4717.2949215
627,4674.819824,4731.189941,4703.004882499999
628,4642.859863,4695.040039,4668.9499510000005
629,4642.419922,4676.470215,4659.4450685
630,4607.990234,4716.140137,4662.0651855
631,4700.910156,4748.790039,4724.850097500001
632,4731.509766,4762.27002,4746.889893
633,4712.069824,4735.27002,4723.669922
634,4716.450195,4774.779785,4745.61499
635,4737.970215,4788.089844,4763.0300295
636,4772.410156,4804.580078,4788.495117
637,4785.379883,4814.850098,4800.1149905
638,4781.709961,4835.600098,4808.6550295
639,4765.370117,4816.669922,4791.0200195
640,4734.77002,4773.5,4754.13501
641,4760.009766,4787.390137,4773.699951500001
642,4749.779785,4849.310059,4799.544922
643,4859.350098,4899.140137,4879.245117500001
644,4864.410156,4891.299805,4877.8549805
645,4832.060059,4917.089844,4874.574951500001
646,4885.169922,4917.75,4901.4599610000005
647,4838.620117,4872.700195,4855.660156
648,4849.279785,4921.509766,4885.3947755
649,4831.490234,4901.490234,4866.490234
650,4835.359863,4892.600098,4863.9799805
651,4833.399902,4897.549805,4865.4748535
652,4808.910156,4879.600098,4844.255127
653,4903.600098,4951.910156,4927.755127
654,4931.810059,4961.299805,4946.554932
655,4925.459961,4950.430176,4937.945068499999
656,4915.629883,4960.790039,4938.2099610000005
657,4915.52002,4968.669922,4942.094971
658,4928.290039,4969.319824,4948.804931500001
659,4932.640137,4966.609863,4949.625
660,4872.02002,4921.660156,4896.840088
661,4878.370117,4904.870117,4891.620117
662,4875.419922,4915.0,4895.2099610000005
663,4826.379883,4872.910156,4849.6450195
664,4796.319824,4889.160156,4842.73999
665,4740.839844,4807.890137,4774.3649905
666,4768.279785,4821.569824,4794.9248045
667,4749.709961,4791.430176,4770.570068499999
668,4713.910156,4751.640137,4732.7751465
669,4709.75,4744.549805,4727.149902499999
670,4684.279785,4736.160156,4710.2199705
671,4735.060059,4771.939941,4753.5
672,4758.200195,4811.299805,4784.75
673,4760.359863,4812.189941,4786.274901999999
674,4710.169922,4779.459961,4744.8149415
675,4708.259766,4759.290039,4733.7749025
676,4724.72998,4791.25,4757.98999
677,4703.390137,4776.149902,4739.7700195
678,4704.490234,4762.279785,4733.3850095
679,4678.379883,4735.27002,4706.8249515
680,4729.0,4781.700195,4755.350097500001
681,4763.910156,4792.640137,4778.2751465
682,4792.629883,4865.990234,4829.310058499999
683,4872.419922,4905.450195,4888.9350585
684,4887.27002,4909.379883,4898.3249515
685,4902.5,4933.5,4918.0
686,4923.029785,4951.450195,4937.23999
687,4923.200195,4958.97998,4941.090087500001
688,4924.22998,4971.359863,4947.7949215
689,4909.209961,4958.649902,4933.9299315
690,4944.870117,4980.140137,4962.505127
691,4960.279785,4979.379883,4969.829834
692,4956.790039,4979.660156,4968.225097500001
693,4940.549805,4965.490234,4953.0200195
694,4880.609863,4917.919922,4899.264892499999
695,4844.939941,4894.850098,4869.8950195
696,4811.930176,4863.009766,4837.469971
697,4830.330078,4868.160156,4849.245117
698,4778.779785,4847.859863,4813.319824
699,4792.339844,4835.02002,4813.679932
700,4834.509766,4882.149902,4858.329834
701,4826.589844,4852.189941,4839.389892499999
702,4830.0,4875.930176,4852.965088
703,4859.399902,4910.040039,4884.7199705
704,4698.419922,4798.220215,4748.3200685
705,4574.25,4665.040039,4619.6450195
706,4643.930176,4692.97998,4668.455078
707,4732.339844,4787.589844,4759.964844
708,4774.52002,4843.109863,4808.8149415
709,4837.169922,4880.169922,4858.669922
710,4797.290039,4839.129883,4818.2099610000005
711,4786.009766,4861.049805,4823.5297855
712,4853.680176,4889.009766,4871.344971
713,4901.27002,4959.0,4930.13501
714,4976.540039,5002.5,4989.5200195
715,5009.680176,5032.100098,5020.890137
716,5002.819824,5036.379883,5019.5998535
717,5025.149902,5045.180176,5035.1650389999995
718,5018.52002,5044.810059,5031.6650395
719,5030.129883,5063.529785,5046.829834
720,5028.240234,5052.240234,5040.240234
721,5053.919922,5098.25,5076.0849610000005
722,5061.109863,5102.779785,5081.944824
723,5064.109863,5103.52002,5083.8149415
724,5082.660156,5100.720215,5091.6901855
725,5084.180176,5122.299805,5103.2399905
726,5120.660156,5151.060059,5135.860107500001
727,5130.75,5160.160156,5145.455078
728,5140.049805,5175.810059,5157.929932
729,5158.930176,5199.129883,5179.0300295
730,5109.799805,5181.02002,5145.409912499999
731,5128.439941,5159.740234,5144.0900875
732,5145.390137,5174.0,5159.6950685
733,5186.25,5227.22998,5206.73999
734,5202.180176,5228.399902,5215.2900389999995
735,5214.950195,5238.540039,5226.745117
736,5193.799805,5227.959961,5210.879883
737,5211.25,5235.290039,5223.2700195
738,5215.549805,5233.339844,5224.4448245
739,5241.140137,5271.359863,5256.25
740,5226.779785,5248.259766,5237.5197755
741,5197.22998,5230.089844,5213.659912
742,5221.839844,5243.169922,5232.504883
743,5217.649902,5245.810059,5231.7299805
744,5224.629883,5252.129883,5238.379883
745,5257.899902,5275.740234,5266.820068
746,5205.640137,5262.990234,5234.3151855
747,5201.640137,5230.589844,5216.1149905
748,5191.859863,5253.390137,5222.625
749,5222.339844,5245.120117,5233.7299805
750,5205.609863,5241.620117,5223.61499
751,5191.180176,5219.890137,5205.5351565
752,5189.359863,5229.939941,5209.649901999999
753,5231.02002,5263.390137,5247.2050785
754,5244.0,5275.910156,5259.955078
755,5261.919922,5287.609863,5274.764892499999
756,5248.410156,5271.009766,5259.7099610000005
757,5125.910156,5225.930176,5175.920166
758,5097.799805,5217.879883,5157.839844
759,5131.27002,5195.029785,5163.149902499999
760,5159.549805,5201.339844,5180.4448245
761,5176.25,5254.779785,5215.514892499999
762,5218.970215,5248.600098,5233.7851565
763,5222.910156,5281.069824,5251.98999
764,5235.419922,5265.180176,5250.3000489999995
765,5233.939941,5299.399902,5266.6699215
766,5320.930176,5342.879883,5331.9050295
767,5301.629883,5329.709961,5315.669921999999
768,5254.959961,5282.27002,5268.6149905
769,5251.319824,5306.810059,5279.064941500001
770,5284.839844,5320.620117,5302.7299805
771,5254.52002,5317.0,5285.76001
772,5277.879883,5325.879883,5301.879883
773,5281.950195,5308.600098,5295.2751465
774,5271.700195,5323.600098,5297.6501465
775,5304.060059,5330.810059,5317.435059
776,5281.470215,5315.72998,5298.600097500001
777,5266.799805,5315.649902,5291.2248535
778,5317.72998,5340.52002,5329.125
779,5227.430176,5321.819824,5274.625
780,5228.77002,5257.180176,5242.975098
781,5169.759766,5228.259766,5199.009766
782,5213.370117,5258.879883,5236.125
783,5196.029785,5219.97998,5208.004882499999
784,5239.439941,5264.27002,5251.8549805
785,5234.25,5253.830078,5244.0400389999995
786,5216.049805,5252.100098,5234.0749515
787,5225.759766,5259.129883,5242.4448245
788,5289.22998,5311.5,5300.36499
789,5278.569824,5310.27002,5294.419922
790,5237.049805,5280.850098,5258.9499515
791,5211.75,5274.120117,5242.9350585
792,5178.759766,5232.350098,5205.554932
793,5186.560059,5206.709961,5196.63501
794,5112.319824,5201.129883,5156.7248535
795,5097.560059,5156.700195,5127.130127
796,5053.52002,5115.060059,5084.2900395
797,5034.410156,5087.509766,5060.9599610000005
798,5122.77002,5169.410156,5146.090088
799,5145.299805,5214.169922,5179.7348635
800,5143.859863,5258.990234,5201.425048499999
801,5145.319824,5302.680176,5224.0
802,5179.640137,5241.080078,5210.360107500001
803,5192.049805,5247.169922,5219.6098635
804,5236.25,5287.060059,5261.6550295
805,5251.879883,5299.629883,5275.754883
806,5288.160156,5334.049805,5311.1049805
807,5315.529785,5346.799805,5331.164795
808,5334.160156,5369.830078,5351.995117
809,5365.600098,5392.259766,5378.929932
810,5350.680176,5380.680176,5365.680176
811,5379.279785,5398.919922,5389.0998535
812,5364.910156,5396.27002,5380.590088
813,5360.560059,5403.859863,5382.2099610000005
814,5323.680176,5393.149902,5358.4150389999995
815,5238.209961,5326.339844,5282.274902499999
816,5239.27002,5274.540039,5256.9050295
817,5269.569824,5321.089844,5295.329834
818,5299.939941,5333.990234,5316.9650875
819,5307.310059,5397.930176,5352.620117500001
820,5389.100098,5425.52002,5407.3100589999995
821,5427.120117,5450.160156,5438.6401365
822,5394.419922,5434.899902,5414.659912
823,5430.720215,5486.75,5458.735107500001
824,5425.72998,5476.25,5450.98999
825,5439.390137,5485.120117,5462.255127
826,5426.009766,5474.580078,5450.294922
827,5436.540039,5483.419922,5459.9799805
828,5471.709961,5489.470215,5480.590088
829,5465.310059,5486.259766,5475.7849125
830,5432.77002,5472.009766,5452.389893
831,5441.759766,5462.689941,5452.2248535
832,5469.609863,5512.370117,5490.98999
833,5434.700195,5498.910156,5466.8051755
834,5415.180176,5450.629883,5432.9050295
835,5371.890137,5441.899902,5406.8950195
836,5397.990234,5452.569824,5425.280029
837,5440.240234,5482.350098,5461.295166
838,5464.359863,5495.850098,5480.1049805
839,5482.810059,5536.52002,5509.6650395
840,5517.140137,5541.080078,5529.110107500001
841,5528.109863,5564.25,5546.1799315
842,5524.029785,5564.080078,5544.0549315
843,5496.819824,5550.669922,5523.744873
844,5557.200195,5584.259766,5570.7299805
845,5527.220215,5557.049805,5542.13501
846,5534.77002,5555.97998,5545.375
847,5528.370117,5571.529785,5549.9499510000005
848,5542.22998,5574.350098,5558.2900389999995
849,5522.689941,5564.140137,5543.4150389999995
850,5558.490234,5606.529785,5582.5100095
851,5634.330078,5658.589844,5646.4599610000005
852,5647.649902,5669.609863,5658.629882499999
853,5643.899902,5667.450195,5655.6750485
854,5578.759766,5636.089844,5607.424805000001
855,5576.089844,5615.149902,5595.619873
856,5621.029785,5662.109863,5641.569824
857,5616.399902,5656.009766,5636.204834
858,5647.580078,5666.839844,5657.2099610000005
859,5650.259766,5668.200195,5659.2299805
860,5664.819824,5689.600098,5677.2099610000005
861,5649.390137,5686.959961,5668.1750489999995
862,5685.149902,5722.709961,5703.9299315
863,5717.419922,5743.430176,5730.4250489999995
864,5751.919922,5770.990234,5761.455078
865,5748.740234,5783.089844,5765.9150389999995
866,5776.700195,5821.950195,5799.325195
867,5796.709961,5835.149902,5815.9299315
868,5800.799805,5838.580078,5819.6899415
869,5847.5,5867.890137,5857.6950685
870,5848.279785,5864.419922,5856.3498535
871,5809.549805,5866.959961,5838.254883
872,5800.549805,5845.310059,5822.929932
873,5827.0,5861.899902,5844.4499510000005
874,5817.220215,5855.069824,5836.1450195
875,5865.790039,5911.790039,5888.790039
876,5856.299805,5897.009766,5876.6547855
877,5841.470215,5870.75,5856.110107500001
878,5827.459961,5857.740234,5842.6000975
879,5826.319824,5859.77002,5843.044922
880,5832.629883,5860.629883,5846.629883
881,5812.080078,5852.540039,5832.3100585
882,5835.439941,5872.600098,5854.0200195
883,5860.830078,5877.430176,5869.130127
884,5831.879883,5860.5,5846.1899415
885,5858.160156,5911.200195,5884.6801755
886,5887.240234,5911.47998,5899.360107
887,5890.419922,5912.609863,5901.514892499999
888,5888.120117,5915.120117,5901.620117
889,5790.72998,5928.060059,5859.3950195
890,5781.799805,5825.669922,5803.7348635
891,5806.97998,5842.819824,5824.899902
892,5807.830078,5858.950195,5833.3901365
893,5769.390137,5849.200195,5809.295166
894,5828.859863,5888.700195,5858.780029
895,5870.930176,5900.870117,5885.9001465
896,5894.0,5916.77002,5905.38501
897,5901.77002,5927.810059,5914.7900395
898,5867.72998,5928.930176,5898.330078
899,5878.759766,5901.390137,5890.074951500001
900,5856.259766,5936.390137,5896.324951500001
901,5856.220215,5889.580078,5872.9001465
902,5855.509766,5892.069824,5873.789795000001
903,5865.560059,5907.850098,5886.7050785
904,5819.290039,5878.939941,5849.11499
905,5830.439941,5868.089844,5849.264892499999
906,5805.149902,5856.540039,5830.8449705
907,5818.200195,5856.790039,5837.495117
908,5828.569824,5860.040039,5844.304931500001
909,5856.339844,5894.680176,5875.51001
910,5880.200195,5926.22998,5903.215087500001
911,5899.430176,5919.22998,5909.330078
912,5970.25,5989.919922,5980.0849610000005
913,6002.649902,6036.02002,6019.3349610000005
914,6021.720215,6040.890137,6031.305176
915,6031.589844,6050.700195,6041.1450195
916,6040.709961,6074.040039,6057.375
917,6061.350098,6100.72998,6081.0400389999995
918,6081.560059,6102.720215,6092.140137
919,6053.279785,6076.959961,6065.119873
920,6054.330078,6080.819824,6067.5749510000005
921,6067.160156,6100.759766,6083.9599610000005
922,6083.060059,6106.120117,6094.590088000001
923,6107.589844,6133.0,6120.294922
924,6103.870117,6131.640137,6117.755127
925,6075.680176,6120.200195,6097.9401855
926,6105.419922,6122.839844,6114.129883
927,6124.790039,6153.040039,6138.915039
928,6139.100098,6170.160156,6154.630127
929,6009.47998,6122.870117,6066.1750485
930,5996.810059,6073.450195,6035.130127
931,6070.22998,6106.549805,6088.389892499999
932,6097.240234,6135.919922,6116.580078
933,6121.790039,6150.910156,6136.350097500001
934,6139.330078,6166.089844,6152.7099610000005
935,6174.52002,6217.339844,6195.929932
936,6196.660156,6211.52002,6204.090088
937,6200.410156,6217.129883,6208.7700195
938,6164.069824,6221.990234,6193.030029
939,6200.450195,6247.069824,6223.7600095
940,6253.77002,6308.759766,6281.264893
941,6292.149902,6310.620117,6301.3850095
942,6269.870117,6304.209961,6287.0400389999995
943,6267.180176,6302.779785,6284.9799805
944,6282.930176,6324.060059,6303.495117500001
945,6137.680176,6341.700195,6239.6901855
946,6110.669922,6183.810059,6147.2399905
947,6180.040039,6226.410156,6203.225097500001
948,6153.549805,6237.529785,6195.539795
949,6107.850098,6170.149902,6139.0
950,6125.5,6161.560059,6143.5300295
951,6194.0,6243.310059,6218.6550295
952,6186.939941,6234.009766,6210.4748535
953,6200.859863,6236.660156,6218.7600095
954,6221.959961,6257.680176,6239.820068499999
955,6218.779785,6269.370117,6244.0749510000005
956,6233.430176,6303.450195,6268.4401855
957,6146.620117,6234.319824,6190.4699705
958,6144.799805,6238.290039,6191.544922
959,6087.810059,6216.600098,6152.2050785
960,6129.040039,6170.629883,6149.8349610000005
961,6106.120117,6177.359863,6141.73999
962,6100.419922,6163.620117,6132.0200195
963,6081.959961,6127.97998,6104.9699705
964,6111.209961,6164.939941,6138.074951
965,6141.830078,6191.27002,6166.5500489999995
966,6149.870117,6200.580078,6175.225097500001
967,6236.819824,6265.640137,6251.2299805
968,6251.259766,6281.450195,6266.3549805
969,6278.700195,6321.759766,6300.2299805
970,6307.339844,6330.970215,6319.1550295
971,6291.069824,6344.549805,6317.8098145
972,6362.189941,6387.72998,6374.9599605
973,6365.680176,6398.259766,6381.969971
974,6365.120117,6388.779785,6376.9499510000005
975,6380.609863,6417.700195,6399.155029
976,6396.870117,6425.450195,6411.160156
977,6416.299805,6432.379883,6424.339844
978,6318.620117,6460.839844,6389.7299805
979,6337.220215,6379.700195,6358.460205
980,6338.790039,6396.589844,6367.689941500001
981,6345.75,6375.75,6360.75
982,6313.430176,6394.209961,6353.820068499999
983,6331.140137,6368.529785,6349.8349610000005
984,6329.72998,6361.490234,6345.610107
985,6356.22998,6386.029785,6371.129882499999
986,6355.879883,6423.350098,6389.6149905
987,6309.439941,6355.040039,6332.23999
988,6214.410156,6318.279785,6266.3449705
989,6216.189941,6266.890137,6241.5400389999995
990,6305.549805,6346.830078,6326.1899415
991,6324.75,6350.740234,6337.745117
992,6330.27002,6374.560059,6352.4150395
993,6221.910156,6334.22998,6278.070068
994,6193.379883,6254.220215,6223.8000489999995
995,6177.189941,6226.930176,6202.060058499999
996,6241.209961,6302.839844,6272.024902499999
997,6263.290039,6291.299805,6277.294922
998,6244.569824,6302.850098,6273.7099610000005
999,6257.100098,6308.720215,6282.9101565
1000,6267.850098,6292.259766,6280.054932
1001,6228.72998,6311.259766,6269.994873
1002,6303.569824,6374.470215,6339.0200195
1003,6383.580078,6435.27002,6409.4250489999995
1004,6417.870117,6449.649902,6433.7600095
1005,6334.589844,6426.509766,6380.549805000001
1006,6356.200195,6407.399902,6381.8000485
1007,6379.810059,6413.069824,6396.439941500001
1008,6354.959961,6391.410156,6373.185058499999
1009,6410.709961,6439.109863,6424.909911999999
1010,6429.540039,6455.029785,6442.284912
1011,6433.200195,6460.419922,6446.8100585
1012,6424.040039,6455.319824,6439.679931500001
1013,6419.649902,6464.27002,6441.9599610000005
1014,6438.410156,6477.77002,6458.090088
1015,6446.75,6467.790039,6457.2700195
1016,6414.22998,6466.049805,6440.139892499999
1017,6405.299805,6448.569824,6426.9348145
1018,6400.810059,6429.540039,6415.175049
1019,6343.959961,6408.049805,6376.004883
1020,6364.569824,6405.0,6384.784912
1021,6405.359863,6472.649902,6439.004882499999
1022,6427.660156,6456.22998,6441.945068
1023,6454.859863,6497.97998,6476.4199215
1024,6484.140137,6527.220215,6505.680176
1025,6509.709961,6532.180176,6520.945068499999
1026,6513.120117,6546.459961,6529.7900389999995
1027,6547.649902,6587.209961,6567.4299315
1028,6566.839844,6590.180176,6578.51001
1029,6572.439941,6599.339844,6585.889892499999
1030,6561.779785,6608.299805,6585.039795
1031,6577.990234,6604.209961,6591.1000975
1032,6586.319824,6613.5,6599.909912
1033,6602.200195,6616.580078,6609.3901365
1034,6607.029785,6632.5,6619.764892499999
1035,6613.209961,6628.600098,6620.9050295
1036,6613.549805,6635.52002,6624.534912499999
1037,6558.529785,6605.290039,6581.909912
1038,6622.919922,6640.029785,6631.4748535
1039,6581.149902,6641.569824,6611.359863
1040,6582.060059,6611.899902,6596.9799805
1041,6517.930176,6600.640137,6559.2851565
1042,6550.029785,6582.759766,6566.3947755
1043,6625.779785,6708.129883,6666.954834
1044,6677.149902,6727.390137,6702.2700195
1045,6705.790039,6737.75,6721.7700195
1046,6691.47998,6759.660156,6725.570068
1047,6677.549805,6719.970215,6698.76001
1048,6712.930176,6765.140137,6739.0351565
1049,6763.169922,6790.669922,6776.919922
1050,6750.350098,6795.52002,6772.9350589999995
1051,6753.339844,6791.649902,6772.494873
1052,6687.279785,6758.930176,6723.1049805
1053,6727.350098,6757.339844,6742.344971
1054,6723.430176,6766.299805,6744.8649905
1055,6709.27002,6743.629883,6726.4499515
1056,6667.310059,6725.319824,6696.314941500001
1057,6742.339844,6806.669922,6774.504883
1058,6777.430176,6797.75,6787.590088
1059,6779.490234,6795.830078,6787.660156
1060,6820.02002,6862.660156,6841.340088
1061,6859.279785,6874.52002,6866.899902499999
1062,6873.740234,6890.02002,6881.880127
1063,6867.890137,6897.430176,6882.6601565
1064,6866.209961,6914.189941,6890.199951
1065,6793.950195,6908.330078,6851.1401365
1066,6838.47998,6888.649902,6863.5649410000005
1067,6737.160156,6872.169922,6804.6650389999995
1068,6770.689941,6899.22998,6834.9599605
1069,6752.319824,6836.450195,6794.3850095
1070,6734.129883,6787.419922,6760.774902499999
1071,6778.200195,6829.290039,6803.745117
1072,6831.609863,6870.47998,6851.0449215
1073,6844.879883,6879.799805,6862.339844
1074,6856.299805,6884.799805,6870.549805
1075,6871.870117,6897.620117,6884.745117
1076,6851.629883,6901.129883,6876.379883
1077,6871.450195,6945.819824,6908.6350095
1078,6975.540039,7003.890137,6989.715088000001
1079,6951.490234,6995.879883,6973.685058499999
1080,6935.419922,6991.25,6963.3349610000005
1081,6961.209961,6992.629883,6976.919921999999
1082,6944.450195,6962.259766,6953.3549805
1083,6915.560059,6942.140137,6928.850098000001
1084,6931.339844,6955.379883,6943.3598635
1085,6936.75,6954.799805,6945.774902499999
1086,6903.390137,6954.97998,6929.1850585
1087,6924.080078,7006.910156,6965.495117
1088,7016.700195,7069.149902,7042.9250485
1089,7072.379883,7098.049805,7085.214844
1090,7097.080078,7137.040039,7117.0600585
1091,7124.089844,7161.350098,7142.719971
1092,7148.299805,7181.140137,7164.719971
1093,7111.52002,7154.240234,7132.880127
1094,7163.22998,7211.779785,7187.504882499999
1095,7205.180176,7265.259766,7235.219971
1096,7205.930176,7330.330078,7268.130127
1097,7229.319824,7309.359863,7269.3398435
1098,7276.109863,7313.890137,7295.0
1099,7297.279785,7336.379883,7316.829834
1100,7332.810059,7408.029785,7370.419922
1101,7423.180176,7465.390137,7444.2851565
1102,7376.75,7486.319824,7431.534912
1103,7388.580078,7458.529785,7423.5549315
1104,7431.220215,7505.77002,7468.495117500001
1105,7455.549805,7500.609863,7478.079834
1106,7373.990234,7433.649902,7403.820068
1107,7381.120117,7453.990234,7417.5551755
1108,7362.279785,7441.089844,7401.6848145
1109,7238.180176,7364.430176,7301.305176
1110,6967.529785,7277.359863,7122.444824
1111,6824.819824,7126.549805,6975.6848145
1112,7051.529785,7170.339844,7110.9348145
1113,6776.77002,7073.990234,6925.380127
1114,6630.669922,6917.009766,6773.839844
1115,6879.689941,7023.620117,6951.655029
1116,6938.160156,7025.680176,6981.920166
1117,6977.069824,7152.049805,7064.5598145
1118,7130.390137,7256.930176,7193.6601565
1119,7226.379883,7303.259766,7264.8198245
1120,7206.0,7295.950195,7250.975097500001
1121,7218.109863,7338.640137,7278.375
1122,7194.839844,7280.930176,7237.88501
1123,7232.5,7337.830078,7285.1650389999995
1124,7360.25,7421.850098,7391.0500489999995
1125,7330.350098,7438.089844,7384.219971
1126,7273.009766,7386.799805,7329.9047855
1127,7117.660156,7307.850098,7212.755127
1128,7084.830078,7267.189941,7176.0100095
1129,7205.310059,7350.069824,7277.689941500001
1130,7319.680176,7378.029785,7348.8549805
1131,7311.740234,7403.790039,7357.7651365
1132,7391.5,7435.009766,7413.254883
1133,7469.029785,7560.810059,7514.919922
1134,7563.439941,7609.100098,7586.2700195
1135,7492.97998,7637.27002,7565.125
1136,7473.899902,7544.890137,7509.3950195
1137,7463.189941,7525.439941,7494.314941
1138,7473.680176,7514.209961,7493.945068499999
1139,7285.27002,7421.22998,7353.25
1140,7331.240234,7380.740234,7355.990234
1141,7325.350098,7415.660156,7370.505127
1142,7164.379883,7303.189941,7233.784911999999
1143,6992.669922,7194.310059,7093.4899905
1144,7022.339844,7225.830078,7124.0849610000005
1145,6963.680176,7255.540039,7109.610107500001
1146,6901.069824,7036.089844,6968.579834
1147,6935.779785,7120.459961,7028.119873
1148,6805.959961,7044.709961,6925.334961
1149,6835.22998,6963.709961,6899.4699705
1150,6811.77002,7059.290039,6935.5300295
1151,7036.620117,7112.379883,7074.5
1152,6877.759766,7066.640137,6972.199951500001
1153,6944.959961,7074.950195,7009.955078
1154,7014.879883,7117.97998,7066.4299315
1155,7055.0,7128.540039,7091.7700195
1156,7105.089844,7166.0,7135.544922
1157,7078.140137,7183.620117,7130.880127
1158,7115.850098,7178.509766,7147.179932
1159,7206.549805,7298.589844,7252.5698245
1160,7259.899902,7319.580078,7289.73999
1161,7215.169922,7277.450195,7246.3100585
1162,7123.490234,7222.990234,7173.240234
1163,7094.430176,7195.720215,7145.0751955
1164,6961.52002,7171.669922,7066.594971
1165,6926.970215,7030.740234,6978.8552245
1166,7055.660156,7143.939941,7099.800048499999
1167,7083.950195,7197.149902,7140.5500485
1168,7065.410156,7169.799805,7117.6049805
1169,7036.180176,7133.27002,7084.725098
1170,7094.720215,7169.459961,7132.090088
1171,6991.140137,7112.589844,7051.8649905
1172,7057.890137,7228.259766,7143.074951500001
1173,7235.759766,7291.740234,7263.75
1174,7224.700195,7278.810059,7251.755127
1175,7259.049805,7344.799805,7301.924805
1176,7353.629883,7414.149902,7383.889892499999
1177,7372.259766,7417.669922,7394.964844
1178,7401.890137,7458.419922,7430.1550295
1179,7320.970215,7363.52002,7342.245117500001
1180,7356.160156,7413.319824,7384.73999
1181,7350.459961,7425.390137,7387.9250489999995
1182,7343.970215,7381.160156,7362.5651855
1183,7368.209961,7431.830078,7400.0200195
1184,7370.330078,7432.529785,7401.4299315
1185,7334.620117,7426.779785,7380.6999510000005
1186,7357.5,7435.379883,7396.4399415
1187,7415.580078,7452.850098,7434.215088
1188,7354.290039,7435.129883,7394.7099610000005
1189,7423.669922,7473.810059,7448.7399905
1190,7431.410156,7492.419922,7461.9150389999995
1191,7487.22998,7557.379883,7522.3049315
1192,7561.200195,7607.169922,7584.1850585
1193,7602.379883,7644.47998,7623.4299315
1194,7622.310059,7691.649902,7656.9799805
1195,7597.660156,7697.410156,7647.535156
1196,7595.140137,7653.580078,7624.360107500001
1197,7642.870117,7677.290039,7660.080078000001
1198,7669.529785,7708.25,7688.889892499999
1199,7686.649902,7748.959961,7717.8049315
1200,7723.529785,7768.600098,7746.0649415
1201,7704.339844,7755.720215,7730.0300295
1202,7676.830078,7749.359863,7713.0949705
1203,7635.72998,7727.410156,7681.570068
1204,7755.47998,7806.600098,7781.0400389999995
1205,7699.200195,7803.450195,7751.325195
1206,7679.120117,7739.709961,7709.4150389999995
1207,7477.72998,7639.72998,7558.72998
1208,7527.0,7597.490234,7562.245117
1209,7444.169922,7610.669922,7527.419922
1210,7419.560059,7526.069824,7472.814941500001
1211,7502.950195,7573.589844,7538.2700195
1212,7443.100098,7568.100098,7505.600098
1213,7498.5,7594.330078,7546.4150389999995
1214,7511.430176,7589.189941,7550.310058499999
1215,7588.649902,7695.810059,7642.2299805
1216,7702.060059,7757.279785,7729.669922
1217,7731.97998,7777.47998,7754.72998
1218,7696.580078,7748.160156,7722.370117
1219,7746.759766,7825.669922,7786.214844
1220,7803.339844,7843.52002,7823.429932
1221,7791.97998,7838.819824,7815.399902
1222,7749.609863,7867.149902,7808.379882499999
1223,7822.830078,7863.77002,7843.3000489999995
1224,7811.149902,7849.850098,7830.5
1225,7815.859863,7860.25,7838.0549315
1226,7776.549805,7846.759766,7811.6547855
1227,7814.330078,7928.790039,7871.5600585
1228,7838.759766,7933.310059,7886.0349125
1229,7834.080078,7881.299805,7857.6899415
1230,7698.959961,7889.75,7794.3549805
1231,7604.240234,7740.259766,7672.25
1232,7614.839844,7709.490234,7662.1650389999995
1233,7670.709961,7732.680176,7701.695068499999
1234,7659.52002,7808.850098,7734.1850589999995
1235,7783.299805,7824.060059,7803.679932
1236,7801.879883,7859.680176,7830.7800295
1237,7868.649902,7898.200195,7883.4250485
1238,7864.459961,7901.689941,7883.074951
1239,7881.060059,7923.350098,7902.2050785
1240,7818.370117,7866.189941,7842.280029
1241,7814.27002,7888.660156,7851.465088
1242,7815.5,7878.22998,7846.86499
1243,7732.689941,7832.660156,7782.675048499999
1244,7795.740234,7849.669922,7822.705078
1245,7752.680176,7830.779785,7791.7299805
1246,7787.899902,7837.140137,7812.5200195
1247,7836.790039,7897.680176,7867.235107500001
1248,7840.839844,7897.629883,7869.2348635
1249,7866.529785,7926.319824,7896.4248045
1250,7907.100098,7949.709961,7928.4050295
1251,7976.600098,8024.939941,8000.7700195
1252,8009.589844,8046.310059,8027.949951500001
1253,8042.100098,8113.560059,8077.8300785
1254,8069.569824,8133.299805,8101.4348145
1255,8079.310059,8119.819824,8099.564941500001
1256,8042.140137,8104.069824,8073.1049805
1257,7962.350098,8077.839844,8020.094971
1258,7885.490234,8001.970215,7943.7302245
1259,7873.930176,7962.540039,7918.235107500001
